{"parch": [0.0, 0.0009551098376312517, 0.0019102196752626144, 0.0, 0.0, 0.0009551098376312517, 0.0019102196752626144, 0.0009551098376312517, 0.0009551098376312517, 0.0009551098376312517, 0.0, 0.0009551098376312517, 0.0019102196752626144, 0.0009551098376312517, 0.0019102196752626144, -0.0009551098376313627, 0.0019102196752626144, 0.0019102196752626144, 0.0019102196752626144, 0.0019102196752626144, 0.0009551098376312517, 0.0009551098376312517, 0.0009551098376312517, 0.0009551098376312517, 0.0019102196752626144, 0.0, 0.0, 0.0009551098376312517, 0.0009551098376312517, 0.0019102196752626144], "sibsp": [0.0009551098376312517, -0.0009551098376313627, 0.0019102196752626144, -0.0009551098376313627, 0.0038204393505252288, 0.002865329512893977, 0.0009551098376312517, -0.0019102196752627254, 0.0009551098376312517, 0.0019102196752626144, 0.0, 0.0, 0.0009551098376312517, -0.0009551098376313627, -0.0009551098376313627, 0.0038204393505252288, 0.0019102196752626144, 0.002865329512893977, 0.0019102196752626144, 0.0009551098376312517, 0.0019102196752626144, -0.0009551098376313627, 0.0019102196752626144, 0.0019102196752626144, 0.0009551098376312517, 0.0047755491881565915, 0.0009551098376312517, -0.0009551098376313627, 0.0019102196752626144, 0.0038204393505252288], "age": [0.0, 0.0038204393505252288, 0.006685768863419206, 0.0047755491881565915, 0.0, 0.005730659025787954, -0.0019102196752627254, 0.0, 0.0019102196752626144, 0.002865329512893977, 0.0038204393505252288, 0.0019102196752626144, 0.002865329512893977, 0.002865329512893977, 0.0038204393505252288, 0.002865329512893977, 0.002865329512893977, 0.0038204393505252288, 0.002865329512893977, 0.0, 0.002865329512893977, -0.0009551098376313627, 0.002865329512893977, 0.0019102196752626144, 0.002865329512893977, 0.0047755491881565915, 0.0009551098376312517, 0.0038204393505252288, 0.0, 0.005730659025787954], "embarked": [0.002865329512893977, 0.005730659025787954, 0.0047755491881565915, 0.002865329512893977, 0.0047755491881565915, 0.0076408787010505685, 0.0047755491881565915, 0.0076408787010505685, 0.0038204393505252288, 0.006685768863419206, 0.002865329512893977, 0.008595988538681931, 0.006685768863419206, 0.005730659025787954, 0.0047755491881565915, 0.0047755491881565915, 0.006685768863419206, 0.002865329512893977, 0.009551098376313294, 0.0047755491881565915, 0.006685768863419206, 0.005730659025787954, 0.0019102196752626144, 0.009551098376313294, 0.0038204393505252288, 0.009551098376313294, 0.005730659025787954, 0.005730659025787954, 0.0076408787010505685, 0.008595988538681931], "fare": [0.011461318051575908, 0.0162368672397325, 0.011461318051575908, 0.017191977077363862, 0.017191977077363862, 0.012416427889207271, 0.014326647564469885, 0.014326647564469885, 0.015281757402101248, 0.015281757402101248, 0.011461318051575908, 0.015281757402101248, 0.013371537726838523, 0.012416427889207271, 0.014326647564469885, 0.0076408787010505685, 0.013371537726838523, 0.018147086914995225, 0.013371537726838523, 0.015281757402101248, 0.013371537726838523, 0.02005730659025784, 0.018147086914995225, 0.018147086914995225, 0.017191977077363862, 0.013371537726838523, 0.015281757402101248, 0.012416427889207271, 0.012416427889207271, 0.014326647564469885], "pclass": [0.022922636103151817, 0.018147086914995225, 0.021967526265520454, 0.02769818529130852, 0.019102196752626477, 0.02005730659025784, 0.019102196752626477, 0.02005730659025784, 0.02387774594078318, 0.021967526265520454, 0.02387774594078318, 0.021012416427889202, 0.02387774594078318, 0.019102196752626477, 0.018147086914995225, 0.019102196752626477, 0.019102196752626477, 0.019102196752626477, 0.021012416427889202, 0.0162368672397325, 0.021012416427889202, 0.02005730659025784, 0.021967526265520454, 0.02483285577841443, 0.017191977077363862, 0.021967526265520454, 0.02769818529130852, 0.02005730659025784, 0.0162368672397325, 0.022922636103151817], "cabin": [0.03247373447946511, 0.021967526265520454, 0.02483285577841443, 0.030563514804202496, 0.02769818529130852, 0.029608404966571134, 0.021012416427889202, 0.030563514804202496, 0.02865329512893977, 0.02769818529130852, 0.02387774594078318, 0.030563514804202496, 0.026743075453677156, 0.03342884431709647, 0.025787965616045794, 0.02005730659025784, 0.03342884431709647, 0.02483285577841443, 0.018147086914995225, 0.02769818529130852, 0.022922636103151817, 0.02865329512893977, 0.026743075453677156, 0.029608404966571134, 0.025787965616045794, 0.025787965616045794, 0.02769818529130852, 0.03247373447946511, 0.02865329512893977, 0.034383954154727725], "sex": [0.04011461318051568, 0.034383954154727725, 0.04106972301814704, 0.03915950334288443, 0.042024832855778405, 0.04106972301814704, 0.0372492836676217, 0.03629417382999045, 0.042024832855778405, 0.04775549188156636, 0.04393505253104102, 0.034383954154727725, 0.03915950334288443, 0.042979942693409656, 0.03915950334288443, 0.0372492836676217, 0.04106972301814704, 0.038204393505253065, 0.03629417382999045, 0.03629417382999045, 0.04011461318051568, 0.03247373447946511, 0.034383954154727725, 0.038204393505253065, 0.0372492836676217, 0.04011461318051568, 0.03915950334288443, 0.04011461318051568, 0.03533906399235909, 0.03247373447946511], "title": [0.062082139446036244, 0.058261700095510904, 0.0630372492836676, 0.05635148042024829, 0.06399235912129897, 0.06017191977077363, 0.05730659025787965, 0.05253104106972295, 0.07163323782234954, 0.06590257879656158, 0.06112702960840488, 0.050620821394460336, 0.05348615090735431, 0.06972301814708692, 0.05348615090735431, 0.05635148042024829, 0.05730659025787965, 0.05921680993314227, 0.054441260744985676, 0.05348615090735431, 0.06017191977077363, 0.06017191977077363, 0.05348615090735431, 0.05635148042024829, 0.05730659025787965, 0.05253104106972295, 0.05921680993314227, 0.05730659025787965, 0.05348615090735431, 0.05635148042024829]}